LINKS,EMAILS
https://www.psychologytoday.com/us/therapists/marie-gehle-evans-ga/1084947,
https://www.psychologytoday.com/us/therapists/deborah-christine-woodard-atlanta-ga/1128315,
https://www.psychologytoday.com/us/therapists/walena-bryant-woodstock-ga/1352761,
https://www.psychologytoday.com/us/therapists/erin-richardson-evans-ga/1140343,
https://www.psychologytoday.com/us/therapists/kim-reynolds-solar-roswell-ga/1152870,
https://www.psychologytoday.com/us/therapists/makeda-bostwick-woodstock-ga/1352441,
https://www.psychologytoday.com/us/therapists/rebecca-mcconnell-atlanta-ga/1337002,
https://www.psychologytoday.com/us/therapists/tamieka-loftley-atlanta-ga/1271944,
https://www.psychologytoday.com/us/therapists/dawn-hadley-woodstock-ga/1351881,
https://www.psychologytoday.com/us/therapists/natalie-almonte-atlanta-ga/1132140,
https://www.psychologytoday.com/us/therapists/sara-hook-atlanta-ga/1221337,
https://www.psychologytoday.com/us/therapists/asmarett-askale-ashford-athens-ga/1330158,
https://www.psychologytoday.com/us/therapists/cassidy-ferguson-atlanta-ga/1325100,
https://www.psychologytoday.com/us/therapists/margaret-foulk-atlanta-ga/1038423,
https://www.psychologytoday.com/us/therapists/hayley-kast-woodstock-ga/1351969,
https://www.psychologytoday.com/us/therapists/cynthia-jones-atlanta-ga/1147261,
https://www.psychologytoday.com/us/therapists/maria-cristina-noyola-watkinsville-ga/1324879,
https://www.psychologytoday.com/us/therapists/affiniti-harris-mordecai-woodstock-ga/1344128,
https://www.psychologytoday.com/us/therapists/judith-ashworth-lithia-springs-ga/1307412,
https://www.psychologytoday.com/us/therapists/christopher-dougherty-atlanta-ga/160884,
https://www.psychologytoday.com/us/therapists/michelle-o-burns-atlanta-ga/752517,
https://www.psychologytoday.com/us/therapists/jessica-burton-martinez-ga/1064512,
https://www.psychologytoday.com/us/therapists/anna-c-miller-saint-marys-ga/1302994,
https://www.psychologytoday.com/us/therapists/tierra-burns-atlanta-ga/1248481,
https://www.psychologytoday.com/us/therapists/elzbieta-orlowska-woodstock-ga/1351928,
https://www.psychologytoday.com/us/therapists/kirsten-thornante-rome-ga/1200604,
https://www.psychologytoday.com/us/therapists/jasmine-luster-acworth-ga/1364913,
https://www.psychologytoday.com/us/therapists/lolita-renee-gilmore-atlanta-ga/327823,
https://www.psychologytoday.com/us/therapists/eris-johnson-atlanta-ga/1268533,
https://www.psychologytoday.com/us/therapists/jessy-salgado-stockbridge-ga/1209602,
https://www.psychologytoday.com/us/therapists/katherine-mitchell-gregory-athens-ga/1308304,
https://www.psychologytoday.com/us/therapists/monica-purvis-marietta-ga/1328282,
https://www.psychologytoday.com/us/therapists/shai-hamilton-atlanta-ga/1282830,
https://www.psychologytoday.com/us/therapists/elizabeth-leonard-atlanta-ga/1158086,
https://www.psychologytoday.com/us/therapists/shermaine-campbell-atlanta-ga/1325584,
https://www.psychologytoday.com/us/therapists/alfreda-small-athens-ga/370601,
https://www.psychologytoday.com/us/therapists/cherlisa-jackson-woodstock-ga/1351839,
https://www.psychologytoday.com/us/therapists/raven-littlejohn-kerstens-woodstock-ga/1352565,
https://www.psychologytoday.com/us/therapists/sierra-kihlstadius-atlanta-ga/1227607,
https://www.psychologytoday.com/us/therapists/autumn-hierholzer/1382524,
https://www.psychologytoday.com/us/therapists/kenneth-cash-waleska-ga/1083953,
https://www.psychologytoday.com/us/therapists/lauren-pierre-atlanta-ga/1070334,
https://www.psychologytoday.com/us/therapists/jasmine-sims-woodstock-ga/1352221,
https://www.psychologytoday.com/us/therapists/brittany-rice-woodstock-ga/1351797,
https://www.psychologytoday.com/us/therapists/dana-gamble-covington-ga/1276229,
https://www.psychologytoday.com/us/therapists/joe-t-gossage-calhoun-ga/189836,
https://www.psychologytoday.com/us/therapists/donlarae-richardson-athens-ga/1286226,
https://www.psychologytoday.com/us/therapists/leslie-owen-evans-ga/1142850,
https://www.psychologytoday.com/us/therapists/latanya-watts-sandersville-ga/921176,
https://www.psychologytoday.com/us/therapists/mindy-mayers-atlanta-ga/1165619,
https://www.psychologytoday.com/us/therapists/l-elizabeth-shelton-atlanta-ga/1190704,
https://www.psychologytoday.com/us/therapists/looking-forward-counseling-mentoring-svcs-llc-atlanta-ga/714907,
https://www.psychologytoday.com/us/therapists/justin-gordon-atlanta-ga/1323215,
https://www.psychologytoday.com/us/therapists/michael-womble-athens-ga/1323236,
https://www.psychologytoday.com/us/therapists/jeffrey-overdorff-atlanta-ga/1132671,
https://www.psychologytoday.com/us/therapists/kirsten-p-jones-woodstock-ga/260628,
https://www.psychologytoday.com/us/therapists/serenity-awaken-light-sal-therapeutic-services-richmond-hill-ga/917120,
https://www.psychologytoday.com/us/therapists/kendra-oberry-aiken-sc/1099403,
https://www.psychologytoday.com/us/therapists/jacqueline-roberts-atlanta-ga/1291763,
https://www.psychologytoday.com/us/therapists/peggy-harless-atlanta-ga/1149161,
https://www.psychologytoday.com/us/therapists/alyson-stuckart-woodstock-ga/1351729,
https://www.psychologytoday.com/us/therapists/letrece-howard-athens-ga/1307399,
https://www.psychologytoday.com/us/therapists/amanda-viola-brooke-evans-ga/1084412,
https://www.psychologytoday.com/us/therapists/yaka-johnson-marietta-ga/928414,
https://www.psychologytoday.com/us/therapists/susan-winfield-atlanta-ga/1260854,
https://www.psychologytoday.com/us/therapists/laura-brown-roswell-ga/1026334,
https://www.psychologytoday.com/us/therapists/hannah-nara-choe-atlanta-ga/1127856,
https://www.psychologytoday.com/us/therapists/latanya-watts-sandersville-ga/936411,
https://www.psychologytoday.com/us/therapists/suze-maze-anxiety-depression-trauma-aiken-sc/898895,
https://www.psychologytoday.com/us/therapists/monica-crumpler-acworth-ga/1364769,
https://www.psychologytoday.com/us/therapists/lana-greene-adairsville-ga/178946,
https://www.psychologytoday.com/us/therapists/kala-farrare-atlanta-ga/1347799,
https://www.psychologytoday.com/us/therapists/andrea-pinnow-atlanta-ga/1218404,
https://www.psychologytoday.com/us/therapists/shane-gill-atlanta-ga/1334903,
https://www.psychologytoday.com/us/therapists/natalie-hercik-woodstock-ga/1352530,
https://www.psychologytoday.com/us/therapists/boris-mcguire-day-snellville-ga/782253,
https://www.psychologytoday.com/us/therapists/nicole-mills-athens-ga/1192720,
https://www.psychologytoday.com/us/therapists/elizabeth-edwards-evans-ga/1036549,
https://www.psychologytoday.com/us/therapists/jamie-elizabeth-lough-augusta-ga/1222145,
https://www.psychologytoday.com/us/therapists/justin-r-murray-douglasville-ga/487087,
https://www.psychologytoday.com/us/therapists/juliana-sutnik-woodstock-ga/1352281,
https://www.psychologytoday.com/us/therapists/tamara-newton-athens-ga/1312549,
https://www.psychologytoday.com/us/therapists/erica-evans-atlanta-ga/1106356,
https://www.psychologytoday.com/us/therapists/daniela-andronic-augusta-ga/1136432,
https://www.psychologytoday.com/us/therapists/lindsey-coltraine-braselton-ga/1237357,
https://www.psychologytoday.com/us/therapists/stephanie-branom-athens-ga/1292259,
https://www.psychologytoday.com/us/therapists/ryann-lewis-marietta-ga/1306679,
https://www.psychologytoday.com/us/therapists/ellinor-rozecki-burke-saint-marys-ga/89115,
https://www.psychologytoday.com/us/therapists/amy-kemp-wellmeier-acworth-ga/1364391,
https://www.psychologytoday.com/us/therapists/alisha-m-padilla-savannah-ga/990955,
https://www.psychologytoday.com/us/therapists/kimberly-perkins-atlanta-ga/1253672,
https://www.psychologytoday.com/us/therapists/mmohrcounseling-llc-athens-ga/1282317,
https://www.psychologytoday.com/us/therapists/tennille-lott-atlanta-ga/452768,
https://www.psychologytoday.com/us/therapists/lori-gabrielsen-columbus-ga/1125482,
https://www.psychologytoday.com/us/therapists/tiffanie-brantley-wright-woodstock-ga/1352713,
https://www.psychologytoday.com/us/therapists/beverly-burns-atlanta-ga/1201176,
https://www.psychologytoday.com/us/therapists/debbie-fain-evans-ga/1084846,
https://www.psychologytoday.com/us/therapists/lisa-ehlers/1377306,
https://www.psychologytoday.com/us/therapists/empower-counseling-pllc-meridian-id/890746,
https://www.psychologytoday.com/us/therapists/stephen-rogers-woodstock-ga/1352644,
https://www.psychologytoday.com/us/therapists/deshawn-e-wilson-martinez-ga/1138507,
https://www.psychologytoday.com/us/therapists/heather-smith-lilburn-ga/1302034,
https://www.psychologytoday.com/us/therapists/belinda-johnson-columbus-ga/903026,
https://www.psychologytoday.com/us/therapists/jasmine-williams-atlanta-ga/1176056,
https://www.psychologytoday.com/us/therapists/kenika-holloway-woodstock-ga/1352360,
https://www.psychologytoday.com/us/therapists/lakeesha-harper-atlanta-ga/1190325,
https://www.psychologytoday.com/us/therapists/manas-winfield-atlanta-ga/1276612,
https://www.psychologytoday.com/us/therapists/krystal-west-stonecrest-ga/893792,
https://www.psychologytoday.com/us/therapists/lauren-milligan-atlanta-ga/1148859,
https://www.psychologytoday.com/us/therapists/makeesa-johnson-athens-ga/1323029,
https://www.psychologytoday.com/us/therapists/joseph-brewton-marietta-ga/1325808,
https://www.psychologytoday.com/us/therapists/martha-earley-atlanta-ga/1265111,
https://www.psychologytoday.com/us/therapists/susan-picart-atlanta-ga/1146066,
https://www.psychologytoday.com/us/therapists/arthur-bennett-woodstock-ga/1351754,
https://www.psychologytoday.com/us/therapists/april-noriega-columbus-ga/1312258,
https://www.psychologytoday.com/us/therapists/martha-anne-tudor-atlanta-ga/1249560,
https://www.psychologytoday.com/us/therapists/lindsey-nolan-augusta-ga/370174,
https://www.psychologytoday.com/us/therapists/meatria-williams-tyson-atlanta-ga/1237295,
https://www.psychologytoday.com/us/therapists/melodie-creager-good-martinez-ga/40259,
https://www.psychologytoday.com/us/therapists/donna-still-martinez-ga/362883,
https://www.psychologytoday.com/us/therapists/hope-virtual-counseling-therapy-healing-online-byron-ga/262814,
https://www.psychologytoday.com/us/therapists/benedicta-ekwutosi-ejindu-martinez-ga/276560,
https://www.psychologytoday.com/us/therapists/teresa-s-brown-monroe-ga/362749,
https://www.psychologytoday.com/us/therapists/christy-dunn-evans-ga/185044,
https://www.psychologytoday.com/us/therapists/ashley-quamme-evans-ga/202707,
https://www.psychologytoday.com/us/therapists/meagan-philip-evans-ga/235108,
https://www.psychologytoday.com/us/therapists/mindbody-stress-reduction-programs-llc-martinez-ga/74723,
https://www.psychologytoday.com/us/therapists/latasha-abraham-martinez-ga/305499,
https://www.psychologytoday.com/us/therapists/word-of-life-behavioral-health-llc-north-augusta-sc/168727,
https://www.psychologytoday.com/us/therapists/allana-johnson-evans-ga/391282,
https://www.psychologytoday.com/us/therapists/renu-children-and-family-counseling-llc-martinez-ga/194509,
https://www.psychologytoday.com/us/therapists/augusta-counseling-professionals-evans-ga/245017,
https://www.psychologytoday.com/us/therapists/elizabeth-baynes-atlanta-ga/395702,
https://www.psychologytoday.com/us/therapists/holistic-psychological-associates-llc-columbia-sc/191527,
https://www.psychologytoday.com/us/therapists/jennifer-l-moore-evans-ga/358141,
https://www.psychologytoday.com/us/therapists/christopher-m-hollar-martinez-ga/253324,
https://www.psychologytoday.com/us/therapists/rachel-willis-decatur-ga/322699,
https://www.psychologytoday.com/us/therapists/hannah-latta-greenville-sc/157624,
https://www.psychologytoday.com/us/therapists/kelly-baez-columbus-ga/140044,
https://www.psychologytoday.com/us/therapists/trish-s-berryman-martinez-ga/178702,
https://www.psychologytoday.com/us/therapists/deana-carson-lcsw-evans-ga/323731,
https://www.psychologytoday.com/us/therapists/whitney-brown-pooler-ga/465783,
https://www.psychologytoday.com/us/therapists/vickie-conner-aiken-sc/1094253,
https://www.psychologytoday.com/us/therapists/nechelle-gordon-jesup-ga/888601,
https://www.psychologytoday.com/us/therapists/cyndy-adeniyi-jonesboro-ga/221056,
https://www.psychologytoday.com/us/therapists/juwana-taylor-port-wentworth-ga/1160536,
https://www.psychologytoday.com/us/therapists/debbie-reeves-atlanta-ga/1230561,
https://www.psychologytoday.com/us/therapists/danielle-r-veney-evans-ga/1188463,
https://www.psychologytoday.com/us/therapists/davril-huggins-looby-stonecrest-ga/1188364,
https://www.psychologytoday.com/us/therapists/kenika-holloway-atlanta-ga/1234009,
https://www.psychologytoday.com/us/therapists/colette-alls-locust-grove-ga/1325744,
https://www.psychologytoday.com/us/therapists/angela-king-atlanta-ga/1348791,
https://www.psychologytoday.com/us/therapists/bill-massey-columbus-ga/1253539,
https://www.psychologytoday.com/us/therapists/ellis-bernstein-birmingham-al/789588,
https://www.psychologytoday.com/us/therapists/mariana-garcia-atlanta-ga/1269891,
https://www.psychologytoday.com/us/therapists/lauren-trammell-hephzibah-ga/1025838,
https://www.psychologytoday.com/us/therapists/thelsea-raymonvil-atlanta-ga/1207263,
https://www.psychologytoday.com/us/therapists/janice-nixon-columbus-ga/1042244,
https://www.psychologytoday.com/us/therapists/rhea-kisling-alpharetta-ga/1214582,
https://www.psychologytoday.com/us/therapists/jamila-hankins-atlanta-ga/1364904,
https://www.psychologytoday.com/us/therapists/danielle-mabeus-canton-ga/1283334,
https://www.psychologytoday.com/us/therapists/mary-m-clarkson-austin-tx/450187,
https://www.psychologytoday.com/us/therapists/susan-n-miles-stone-mountain-ga/1300697,
https://www.psychologytoday.com/us/therapists/phyllis-a-leverett-kennesaw-ga/1168216,